[
    {
        "nat_cd": "275",
        "nat_name": "미국",
        "visit_cnt": 57212,
        "yyyymm": "201701"
    },
    {
        "nat_cd": "275",
        "nat_name": "미국",
        "visit_cnt": 52732,
        "yyyymm": "201702"
    },
    {
        "nat_cd": "275",
        "nat_name": "미국",
        "visit_cnt": 72477,
        "yyyymm": "201703"
    },
    {
        "nat_cd": "275",
        "nat_name": "미국",
        "visit_cnt": 83485,
        "yyyymm": "201704"
    },
    {
        "nat_cd": "275",
        "nat_name": "미국",
        "visit_cnt": 76347,
        "yyyymm": "201705"
    },
    {
        "nat_cd": "275",
        "nat_name": "미국",
        "visit_cnt": 85955,
        "yyyymm": "201706"
    },
    {
        "nat_cd": "275",
        "nat_name": "미국",
        "visit_cnt": 82472,
        "yyyymm": "201707"
    },
    {
        "nat_cd": "275",
        "nat_name": "미국",
        "visit_cnt": 71496,
        "yyyymm": "201708"
    },
    {
        "nat_cd": "275",
        "nat_name": "미국",
        "visit_cnt": 70933,
        "yyyymm": "201709"
    },
    {
        "nat_cd": "275",
        "nat_name": "미국",
        "visit_cnt": 80000,
        "yyyymm": "201710"
    },
    {
        "nat_cd": "275",
        "nat_name": "미국",
        "visit_cnt": 69009,
        "yyyymm": "201711"
    },
    {
        "nat_cd": "275",
        "nat_name": "미국",
        "visit_cnt": 66763,
        "yyyymm": "201712"
    },
    {
        "nat_cd": "275",
        "nat_name": "미국",
        "visit_cnt": 59895,
        "yyyymm": "201801"
    },
    {
        "nat_cd": "275",
        "nat_name": "미국",
        "visit_cnt": 66049,
        "yyyymm": "201802"
    },
    {
        "nat_cd": "275",
        "nat_name": "미국",
        "visit_cnt": 80079,
        "yyyymm": "201803"
    },
    {
        "nat_cd": "275",
        "nat_name": "미국",
        "visit_cnt": 89209,
        "yyyymm": "201804"
    },
    {
        "nat_cd": "275",
        "nat_name": "미국",
        "visit_cnt": 84601,
        "yyyymm": "201805"
    },
    {
        "nat_cd": "275",
        "nat_name": "미국",
        "visit_cnt": 94742,
        "yyyymm": "201806"
    },
    {
        "nat_cd": "275",
        "nat_name": "미국",
        "visit_cnt": 90270,
        "yyyymm": "201807"
    },
    {
        "nat_cd": "275",
        "nat_name": "미국",
        "visit_cnt": 77319,
        "yyyymm": "201808"
    },
    {
        "nat_cd": "275",
        "nat_name": "미국",
        "visit_cnt": 78826,
        "yyyymm": "201809"
    },
    {
        "nat_cd": "275",
        "nat_name": "미국",
        "visit_cnt": 98103,
        "yyyymm": "201810"
    },
    {
        "nat_cd": "275",
        "nat_name": "미국",
        "visit_cnt": 77876,
        "yyyymm": "201811"
    },
    {
        "nat_cd": "275",
        "nat_name": "미국",
        "visit_cnt": 71023,
        "yyyymm": "201812"
    },
    {
        "nat_cd": "275",
        "nat_name": "미국",
        "visit_cnt": 62737,
        "yyyymm": "201901"
    },
    {
        "nat_cd": "275",
        "nat_name": "미국",
        "visit_cnt": 57732,
        "yyyymm": "201902"
    },
    {
        "nat_cd": "275",
        "nat_name": "미국",
        "visit_cnt": 84275,
        "yyyymm": "201903"
    },
    {
        "nat_cd": "275",
        "nat_name": "미국",
        "visit_cnt": 102524,
        "yyyymm": "201904"
    },
    {
        "nat_cd": "275",
        "nat_name": "미국",
        "visit_cnt": 95815,
        "yyyymm": "201905"
    },
    {
        "nat_cd": "275",
        "nat_name": "미국",
        "visit_cnt": 105398,
        "yyyymm": "201906"
    },
    {
        "nat_cd": "275",
        "nat_name": "미국",
        "visit_cnt": 97428,
        "yyyymm": "201907"
    },
    {
        "nat_cd": "275",
        "nat_name": "미국",
        "visit_cnt": 86586,
        "yyyymm": "201908"
    },
    {
        "nat_cd": "275",
        "nat_name": "미국",
        "visit_cnt": 90819,
        "yyyymm": "201909"
    },
    {
        "nat_cd": "275",
        "nat_name": "미국",
        "visit_cnt": 101099,
        "yyyymm": "201910"
    },
    {
        "nat_cd": "275",
        "nat_name": "미국",
        "visit_cnt": 82238,
        "yyyymm": "201911"
    },
    {
        "nat_cd": "275",
        "nat_name": "미국",
        "visit_cnt": 77387,
        "yyyymm": "201912"
    },
    {
        "nat_cd": "275",
        "nat_name": "미국",
        "visit_cnt": 67255,
        "yyyymm": "202001"
    },
    {
        "nat_cd": "275",
        "nat_name": "미국",
        "visit_cnt": 42439,
        "yyyymm": "202002"
    },
    {
        "nat_cd": "275",
        "nat_name": "미국",
        "visit_cnt": 10570,
        "yyyymm": "202003"
    },
    {
        "nat_cd": "275",
        "nat_name": "미국",
        "visit_cnt": 6417,
        "yyyymm": "202004"
    },
    {
        "nat_cd": "275",
        "nat_name": "미국",
        "visit_cnt": 8735,
        "yyyymm": "202005"
    },
    {
        "nat_cd": "275",
        "nat_name": "미국",
        "visit_cnt": 9717,
        "yyyymm": "202006"
    },
    {
        "nat_cd": "275",
        "nat_name": "미국",
        "visit_cnt": 11922,
        "yyyymm": "202007"
    },
    {
        "nat_cd": "275",
        "nat_name": "미국",
        "visit_cnt": 13368,
        "yyyymm": "202008"
    },
    {
        "nat_cd": "275",
        "nat_name": "미국",
        "visit_cnt": 12426,
        "yyyymm": "202009"
    },
    {
        "nat_cd": "275",
        "nat_name": "미국",
        "visit_cnt": 12366,
        "yyyymm": "202010"
    },
    {
        "nat_cd": "275",
        "nat_name": "미국",
        "visit_cnt": 13100,
        "yyyymm": "202011"
    },
    {
        "nat_cd": "275",
        "nat_name": "미국",
        "visit_cnt": 12102,
        "yyyymm": "202012"
    }
]