[
    {
        "nat_cd": "130",
        "nat_name": "일본",
        "visit_cnt": 167083,
        "yyyymm": "201801"
    },
    {
        "nat_cd": "130",
        "nat_name": "일본",
        "visit_cnt": 168241,
        "yyyymm": "201802"
    },
    {
        "nat_cd": "130",
        "nat_name": "일본",
        "visit_cnt": 294476,
        "yyyymm": "201803"
    },
    {
        "nat_cd": "130",
        "nat_name": "일본",
        "visit_cnt": 213853,
        "yyyymm": "201804"
    },
    {
        "nat_cd": "130",
        "nat_name": "일본",
        "visit_cnt": 227230,
        "yyyymm": "201805"
    },
    {
        "nat_cd": "130",
        "nat_name": "일본",
        "visit_cnt": 235293,
        "yyyymm": "201806"
    },
    {
        "nat_cd": "130",
        "nat_name": "일본",
        "visit_cnt": 230512,
        "yyyymm": "201807"
    },
    {
        "nat_cd": "130",
        "nat_name": "일본",
        "visit_cnt": 315025,
        "yyyymm": "201808"
    },
    {
        "nat_cd": "130",
        "nat_name": "일본",
        "visit_cnt": 247847,
        "yyyymm": "201809"
    },
    {
        "nat_cd": "130",
        "nat_name": "일본",
        "visit_cnt": 290468,
        "yyyymm": "201810"
    },
    {
        "nat_cd": "130",
        "nat_name": "일본",
        "visit_cnt": 299978,
        "yyyymm": "201811"
    },
    {
        "nat_cd": "130",
        "nat_name": "일본",
        "visit_cnt": 258521,
        "yyyymm": "201812"
    },
    {
        "nat_cd": "130",
        "nat_name": "일본",
        "visit_cnt": 206526,
        "yyyymm": "201901"
    },
    {
        "nat_cd": "130",
        "nat_name": "일본",
        "visit_cnt": 213200,
        "yyyymm": "201902"
    },
    {
        "nat_cd": "130",
        "nat_name": "일본",
        "visit_cnt": 375119,
        "yyyymm": "201903"
    },
    {
        "nat_cd": "130",
        "nat_name": "일본",
        "visit_cnt": 290092,
        "yyyymm": "201904"
    },
    {
        "nat_cd": "130",
        "nat_name": "일본",
        "visit_cnt": 286273,
        "yyyymm": "201905"
    },
    {
        "nat_cd": "130",
        "nat_name": "일본",
        "visit_cnt": 282476,
        "yyyymm": "201906"
    },
    {
        "nat_cd": "130",
        "nat_name": "일본",
        "visit_cnt": 274830,
        "yyyymm": "201907"
    },
    {
        "nat_cd": "130",
        "nat_name": "일본",
        "visit_cnt": 329652,
        "yyyymm": "201908"
    },
    {
        "nat_cd": "130",
        "nat_name": "일본",
        "visit_cnt": 251119,
        "yyyymm": "201909"
    },
    {
        "nat_cd": "130",
        "nat_name": "일본",
        "visit_cnt": 248541,
        "yyyymm": "201910"
    },
    {
        "nat_cd": "130",
        "nat_name": "일본",
        "visit_cnt": 258522,
        "yyyymm": "201911"
    },
    {
        "nat_cd": "130",
        "nat_name": "일본",
        "visit_cnt": 255356,
        "yyyymm": "201912"
    },
    {
        "nat_cd": "130",
        "nat_name": "일본",
        "visit_cnt": 203969,
        "yyyymm": "202001"
    },
    {
        "nat_cd": "130",
        "nat_name": "일본",
        "visit_cnt": 211199,
        "yyyymm": "202002"
    },
    {
        "nat_cd": "130",
        "nat_name": "일본",
        "visit_cnt": 8347,
        "yyyymm": "202003"
    },
    {
        "nat_cd": "130",
        "nat_name": "일본",
        "visit_cnt": 360,
        "yyyymm": "202004"
    },
    {
        "nat_cd": "130",
        "nat_name": "일본",
        "visit_cnt": 413,
        "yyyymm": "202005"
    },
    {
        "nat_cd": "130",
        "nat_name": "일본",
        "visit_cnt": 498,
        "yyyymm": "202006"
    },
    {
        "nat_cd": "130",
        "nat_name": "일본",
        "visit_cnt": 755,
        "yyyymm": "202007"
    },
    {
        "nat_cd": "130",
        "nat_name": "일본",
        "visit_cnt": 1275,
        "yyyymm": "202008"
    },
    {
        "nat_cd": "130",
        "nat_name": "일본",
        "visit_cnt": 794,
        "yyyymm": "202009"
    },
    {
        "nat_cd": "130",
        "nat_name": "일본",
        "visit_cnt": 927,
        "yyyymm": "202010"
    },
    {
        "nat_cd": "130",
        "nat_name": "일본",
        "visit_cnt": 1254,
        "yyyymm": "202011"
    },
    {
        "nat_cd": "130",
        "nat_name": "일본",
        "visit_cnt": 951,
        "yyyymm": "202012"
    }
]